state,range,canyon or area,point,num_samples_BRTE,BRTEcount,mtype,year,elevation,burned,firstGS,num_samples_grass&forb,igrass,grasscvr,iforb,forbcvr,wtprecip,spprecip,UTMx (NAD83 zone 11),UTMy (NAD83 zone 11),grazed.1,prop_grazed
Nevada,Monitor,Allison,AL14,10,0,point,2015,2285,0,NA,,,,,,68,102,544647,4347369,,
Nevada,Monitor,Allison,AL15,10,0,point,2015,2325,0,NA,,,,,,79,108,545072,4348363,,
Nevada,Monitor,Allison,AL16,10,0,point,2015,2394,0,NA,,,,,,79,108,545895,4349257,,
Nevada,Monitor,Allison,AL17,10,0,point,2015,2487,0,NA,,,,,,79,108,547012,4351091,,
Nevada,Monitor,Allison,AL18,10,0,point,2015,2397,0,NA,,,,,,79,108,547741,4351223,,
Nevada,Monitor,Allison,AL19,10,0,point,2015,2280,0,NA,,,,,,65,98,548712,4351888,,
Nevada,Monitor,Allison,AL20,10,0,point,2015,2227,0,NA,,,,,,65,98,549703,4352135,,
Nevada,Monitor,Allison,AL21,10,0,point,2015,2209,0,NA,,,,,,65,98,549951,4352294,,
Nevada,Monitor,Allison,AL22,10,0,point,2015,2179,0,NA,,,,,,65,98,550268,4352752,,
Nevada,Toquima,Antone,AN01.1,10,0,point,2015,2403,0,NA,,,,,,129,135,508271,4280080,,
Nevada,Toquima,Antone,AN01.2,10,0,point,2015,2425,0,NA,,,,,,129,135,507742,4279834,,
Nevada,Toquima,Antone,AN01.3,10,0,point,2015,2450,0,NA,,,,,,129,135,507392,4279847,,
Nevada,Toquima,Antone,AN02.1,10,0,point,2015,2486,0,NA,,,,,,129,135,506905,4279511,,
Nevada,Toquima,Antone,AN02.2,10,4,point,2015,2518,0,NA,,,,,,129,135,506461,4279457,,
Nevada,Toquima,Antone,AN03.1,10,5,point,2015,2604,0,NA,,,,,,129,135,505591,4279341,,
Nevada,Toquima,Antone,AN03.2,10,0,point,2015,2658,0,NA,,,,,,164,164,505178,4279056,,
Nevada,Toquima,Antone,AN04.1,10,0,point,2015,2735,0,NA,,,,,,164,164,504693,4278945,,
Nevada,Shoshone,Barrett,BA01.1,10,0,point,2015,2156,0,NA,,,,,,82,117,457842,4326960,,
Nevada,Shoshone,Barrett,BA01.2,10,4,point,2015,2180,0,NA,,,,,,82,117,457435,4327193,,
Nevada,Shoshone,Barrett,BA02.1,10,3,point,2015,2263,0,NA,,,,,,82,117,456127,4327497,,
Nevada,Shoshone,Barrett,BA02.2,10,2,point,2015,2282,0,NA,,,,,,82,117,455870,4327620,,
Nevada,Shoshone,Barrett,BA03.1,10,0,point,2015,2364,0,NA,,,,,,122,142,454833,4327629,,
Nevada,Shoshone,Barrett,BA03.2,10,2,point,2015,2395,0,NA,,,,,,122,142,454493,4327634,,
Nevada,Shoshone,Barrett,BA04.1,10,0,point,2015,2455,0,NA,,,,,,122,142,453911,4327755,,
Nevada,Shoshone,Barrett,BA04.2,10,0,point,2015,2468,0,NA,,,,,,122,142,453813,4327895,,
Nevada,Shoshone,Barrett,BA05.1,10,0,point,2015,2518,0,NA,,,,,,122,142,453507,4328236,,
Nevada,Shoshone,Barrett,BA05.2,10,2,point,2015,2554,0,NA,,,,,,122,142,453312,4328349,,
Nevada,Shoshone,Barrett,BA06.1,10,8,point,2015,2640,0,NA,,,,,,109,136,453038,4328612,,
Nevada,Shoshone,Barrett,BA06.2,10,5,point,2015,2679,0,NA,,,,,,109,136,452941,4328666,,
Nevada,Toiyabe,Birch,BI01.1,10,6,point,2015,1966,0,NA,,,,,,69,96,498887,4358987,,
Nevada,Toiyabe,Birch,BI01.2,10,5,point,2015,1991,0,NA,,,,,,69,96,498570,4359048,,
Nevada,Toiyabe,Birch,BI02.1,10,4,point,2015,2058,0,NA,,,,,,166,144,497584,4359812,,
Nevada,Toiyabe,Birch,BI02.2,10,6,point,2015,2105,0,NA,,,,,,166,144,497212,4360036,,
Nevada,Toiyabe,Birch,BI03.1,10,7,point,2015,2122,0,NA,,,,,,166,144,497171,4360414,,
Nevada,Toiyabe,Birch,BI03.2,10,10,point,2015,2153,0,NA,,,,,,149,134,496976,4360740,,
Nevada,Toiyabe,Birch,BI03.3,10,0,point,2015,2158,0,NA,,,,,,149,134,496572,4361012,,
Nevada,Toiyabe,Birch,BI04.1,10,0,point,2015,2211,0,NA,,,,,,149,134,496016,4362190,,
Nevada,Toiyabe,Birch,BI04.2,10,8,point,2015,2231,0,NA,,,,,,149,134,495899,4362638,,
Nevada,Toiyabe,Birch,BI04.3,10,5,point,2015,2324,0,NA,,,,,,149,134,496025,4363900,,
Nevada,Toiyabe,Birch,BI05.1,10,4,point,2015,2376,0,NA,,,,,,149,134,496070,4364329,,
Nevada,Toiyabe,Birch,BI05.2,10,6,point,2015,2410,0,NA,,,,,,149,134,495912,4364636,,
Nevada,Toiyabe,Birch,BI06.1,10,2,point,2015,2484,0,NA,,,,,,149,134,495419,4364918,,
Nevada,Toiyabe,Birch,BI06.2,10,8,point,2015,2524,0,NA,,,,,,149,134,495236,4365279,,
Nevada,Toiyabe,Birch,BI07.1,10,9,point,2015,2555,0,NA,,,,,,126,123,495466,4365710,,
Nevada,Toiyabe,Birch,BI07.2,10,4,point,2015,2586,0,NA,,,,,,126,123,495570,4366063,,
Nevada,Toiyabe,Birch,BI0B1,31,24,point,2015,1900,1,2007,21,,6,,16,69,96,499898,4358107,,
Nevada,Toiyabe,Birch,BI0B2,31,19,point,2015,1920,1,2007,21,,9,,13,69,96,499642,4358265,,
Nevada,Toiyabe,Birch,BI0B3,31,31,point,2015,1929,1,2007,21,,9,,14,69,96,499332,4358458,,
Nevada,Toiyabe,Birch,BI0B4,31,21,point,2015,1960,1,2007,21,,6,,11,69,96,499077,4358851,,
Nevada,Monitor,Barley,BL01,10,0,point,2015,2249,0,NA,,,,,,67,88,526371,4274731,,
Nevada,Monitor,Barley,BL02,10,0,point,2015,2240,0,NA,,,,,,67,88,526460,4275079,,
Nevada,Monitor,Barley,BL03,10,2,point,2015,2225,0,NA,,,,,,67,88,526524,4275434,,
Nevada,Monitor,Barley,BL04,10,0,point,2015,2241,0,NA,,,,,,113,109,527520,4275949,,
Nevada,Monitor,Barley,BL05,10,0,point,2015,2245,0,NA,,,,,,113,109,527839,4276098,,
Nevada,Monitor,Barley,BL06,10,0,point,2015,2256,0,NA,,,,,,113,109,528178,4276244,,
Nevada,Monitor,Barley,BL07,10,0,point,2015,2258,0,NA,,,,,,113,109,528540,4276183,,
Nevada,Monitor,Barley,BL08,10,1,point,2015,2275,0,NA,,,,,,113,109,529291,4276396,,
Nevada,Monitor,Barley,BL09,10,2,point,2015,2283,0,NA,,,,,,113,109,529636,4276547,,
Nevada,Monitor,Barley,BL10,10,0,point,2015,2309,0,NA,,,,,,113,109,530218,4277084,,
Nevada,Monitor,Barley,BL11,10,0,point,2015,2318,0,NA,,,,,,113,109,530677,4277376,,
Nevada,Monitor,Barley,BL12,10,0,point,2015,2345,0,NA,,,,,,152,126,531363,4278415,,
Nevada,Monitor,Barley,BL13,10,2,point,2015,2359,0,NA,,,,,,152,126,531457,4278622,,
Nevada,Monitor,Barley,BL14,10,0,point,2015,2376,0,NA,,,,,,152,126,531603,4278935,,
Nevada,Monitor,Barley,BL15,10,0,point,2015,2389,0,NA,,,,,,152,126,531506,4279427,,
Nevada,Monitor,Barley,BL16,10,0,point,2015,2398,0,NA,,,,,,152,126,531518,4279788,,
Nevada,Monitor,Charnoc North,CBN01,10,0,point,2015,2422,0,NA,,,,,,79,108,546194,4349269,,
Nevada,Monitor,Charnoc North,CBN02,10,0,point,2015,2457,0,NA,,,,,,79,108,546476,4349215,,
Nevada,Monitor,Charnoc North,CBN04,10,0,point,2015,2425,0,NA,,,,,,79,108,546131,4350086,,
Nevada,Monitor,Charnoc North,CBN05,10,0,point,2015,2413,0,NA,,,,,,79,108,546053,4349771,,
Nevada,Monitor,Charnoc South,CBS01,10,0,point,2015,2341,0,NA,,,,,,76,103,545790,4345796,,
Nevada,Monitor,Charnoc South,CBS02,10,0,point,2015,2339,0,NA,,,,,,76,103,545551,4345989,,
Nevada,Monitor,Charnoc South,CBS03,10,0,point,2015,2328,0,NA,,,,,,76,103,545275,4346025,,
Nevada,Monitor,Charnoc South,CBS04,10,0,point,2015,2330,0,NA,,,,,,76,103,545075,4346243,,
Nevada,Monitor,Charnoc South,CBS05,10,0,point,2015,2336,0,NA,,,,,,76,103,544990,4346534,,
Nevada,Monitor,Dobbin East,DE05.1,10,0,point,2015,2640,0,NA,,,,,,137,129,542202,4310091,,
Nevada,Monitor,Dobbin East,DE05.2,10,0,point,2015,2614,0,NA,,,,,,113,116,542034,4309778,,
Nevada,Monitor,Dobbin East,DE05.3,10,5,point,2015,2546,0,NA,,,,,,113,116,542287,4309074,,
Nevada,Monitor,Dobbin East,DE06.1,10,3,point,2015,2486,0,NA,,,,,,113,116,542619,4308317,,
Nevada,Monitor,Dobbin East,DE06.2,10,0,point,2015,2437,0,NA,,,,,,113,116,543285,4307564,,
Nevada,Monitor,Dobbin East,DE06.3,10,0,point,2015,2375,0,NA,,,,,,113,116,544055,4306636,,
Nevada,Monitor,Dobbin East,DE07.1,10,0,point,2015,2334,0,NA,,,,,,113,116,544410,4306641,,
Nevada,Monitor,Dobbin East,DE07.2,10,0,point,2015,2279,0,NA,,,,,,113,116,544812,4306347,,
Nevada,Monitor,Dobbin East,DE07.3,10,0,point,2015,2283,0,NA,,,,,,113,116,544582,4305903,,
Nevada,Monitor,Dobbin West,DW01.1,10,0,point,2015,2258,0,NA,,,,,,56,90,537501,4315491,,
Nevada,Monitor,Dobbin West,DW01.2,10,0,point,2015,2311,0,NA,,,,,,89,105,538162,4314128,,
Nevada,Monitor,Dobbin West,DW02.1,10,0,point,2015,2356,0,NA,,,,,,89,105,538838,4313180,,
Nevada,Monitor,Dobbin West,DW02.2,10,0,point,2015,2394,0,NA,,,,,,89,105,539670,4312535,,
Nevada,Monitor,Dobbin West,DW03.1,10,0,point,2015,2416,0,NA,,,,,,89,105,539960,4312319,,
Nevada,Monitor,Dobbin West,DW03.2,10,0,point,2015,2438,0,NA,,,,,,89,105,540419,4312155,,
Nevada,Monitor,Dobbin West,DW03.3,10,0,point,2015,2480,0,NA,,,,,,137,129,541818,4311882,,
Nevada,Monitor,Dobbin West,DW04.1,10,0,point,2015,2568,0,NA,,,,,,137,129,542293,4310862,,
Nevada,Monitor,Dobbin West,DW04.2,10,0,point,2015,2611,0,NA,,,,,,137,129,542325,4310390,,
Nevada,Monitor,Elkhorn,EH01,31,31,point,2015,2275,1,2009,21,,4,,10,101,108,530390,4271303,,
Nevada,Monitor,Elkhorn,EH02,31,30,point,2015,2318,1,2009,21,,2,,6,101,108,530128,4271033,,
Nevada,Monitor,Elkhorn,EH03,31,30,point,2015,2334,1,2009,21,,2,,6,101,108,530010,4271331,,
Nevada,Monitor,Elkhorn,EH04,31,26,point,2015,2351,1,2009,21,,4,,11,101,108,530210,4271544,,
Nevada,Toiyabe,Grass Springs,GS01,31,30,point,2015,2179,1,2006,21,12,5,9,8,87,105,498568,4370386,,
Nevada,Toiyabe,Grass Springs,GS02,21,22,point,2015,2134,1,2006,21,12,14,6,5,87,105,498766,4370378,,
Nevada,Toiyabe,Grass Springs,GS03,31,30,point,2015,2085,1,2006,21,2,8,6,3,87,105,499376,4370360,,
Nevada,Toiyabe,Grass Springs,GS04,31,30,point,2015,2079,1,2006,21,0,7,0,4,87,105,499391,4370537,,
Nevada,Toiyabe,Grass Springs,GS05,31,29,point,2015,2087,1,2006,21,16,9,19,2,87,105,499165,4370619,,
Nevada,Toiyabe,Grass Springs,GS06,31,31,point,2015,2108,1,2006,21,12,1,19,0,87,105,498953,4370678,,
Nevada,Toiyabe,Grass Springs,GS07,21,15,point,2015,2145,1,2006,21,11,9,0,5,87,105,498729,4370665,,
Nevada,Toiyabe,Grass Springs,GS08,21,19,point,2015,2129,1,2006,21,16,8,13,4,87,105,498840,4370884,,
Nevada,Toiyabe,Grass Springs,GS09,31,30,point,2015,2078,1,2006,21,6,1,6,1,87,105,499234,4371042,,
Nevada,Toiyabe,Grass Springs,GS10,31,30,point,2015,2062,1,2006,21,6,4,19,4,87,105,499449,4370812,,
Nevada,Toquima,Meadow,MD01.1,10,0,point,2015,2259,0,NA,,,,,,104,114,512295,4277782,,
Nevada,Toquima,Meadow,MD01.2,10,0,point,2015,2273,0,NA,,,,,,104,114,511844,4278222,,
Nevada,Toquima,Meadow,MD01.3,10,0,point,2015,2302,0,NA,,,,,,104,114,511062,4279066,,
Nevada,Toquima,Meadow,MD02.1,10,0,point,2015,2342,0,NA,,,,,,104,114,510018,4280073,,
Nevada,Toquima,Meadow,MD02.2,10,0,point,2015,2368,0,NA,,,,,,104,114,509176,4280604,,
Nevada,Toquima,Meadow,MD02.3,10,0,point,2015,2384,0,NA,,,,,,129,135,508562,4281002,,
Nevada,Toquima,Meadow,MD03.1,10,0,point,2015,2447,0,NA,,,,,,140,141,507148,4282357,,
Nevada,Toquima,Meadow,MD03.2,10,0,point,2015,2495,0,NA,,,,,,140,141,506561,4282170,,
Nevada,Toquima,Meadow,MD04.1,10,0,point,2015,2577,0,NA,,,,,,129,135,505955,4281915,,
Nevada,Toquima,Meadow,MD04.2,10,0,point,2015,2619,0,NA,,,,,,140,141,505683,4282116,,
Nevada,Toquima,Meadow,MD05.1,10,0,point,2015,2660,0,NA,,,,,,140,141,505506,4282528,,
Nevada,Toquima,Meadow,MD05.2,10,0,point,2015,2674,0,NA,,,,,,131,135,505212,4282660,,
Nevada,Toquima,Moores East,ME01.1,10,2,point,2015,2543,0,NA,,,,,,97,121,508352,4301628,,
Nevada,Toquima,Moores East,ME01.2,10,0,point,2015,2509,0,NA,,,,,,97,121,508762,4301637,,
Nevada,Toquima,Moores East,ME02.1,10,0,point,2015,2452,0,NA,,,,,,96,120,509541,4301985,,
Nevada,Toquima,Moores East,ME02.2,10,0,point,2015,2432,0,NA,,,,,,96,120,509955,4302205,,
Nevada,Toquima,Moores East,ME03.1,10,0,point,2015,2327,0,NA,,,,,,96,120,511611,4301799,,
Nevada,Toquima,Moores East,ME03.2,10,0,point,2015,2303,0,NA,,,,,,96,120,511995,4301668,,
Nevada,Toquima,Moores East,ME04.1,10,0,point,2015,2228,0,NA,,,,,,77,109,513245,4300632,,
Nevada,Toquima,Moores East,ME04.2,10,0,point,2015,2196,0,NA,,,,,,77,109,514277,4300653,,
Nevada,Toquima,Moores West,MW01.1,10,0,point,2015,2092,0,NA,,,,,,65,99,502376,4304048,,
Nevada,Toquima,Moores West,MW01.2,10,0,point,2015,2186,0,NA,,,,,,65,99,503722,4303756,,
Nevada,Toquima,Moores West,MW02.1,10,0,point,2015,2222,0,NA,,,,,,65,99,504135,4303463,,
Nevada,Toquima,Moores West,MW02.2,10,0,point,2015,2250,0,NA,,,,,,65,99,504416,4303175,,
Nevada,Toquima,Moores West,MW03.1,10,0,point,2015,2348,0,NA,,,,,,65,99,505236,4302426,,
Nevada,Toquima,Moores West,MW03.2,10,0,point,2015,2405,0,NA,,,,,,97,121,505684,4301905,,
Nevada,Toquima,Moores West,MW04.1,10,0,point,2015,2384,0,NA,,,,,,97,121,506482,4300881,,
Nevada,Toquima,Moores West,MW04.2,10,0,point,2015,2447,0,NA,,,,,,97,121,507099,4301024,,
Nevada,Toquima,Moores West,MW05.1,10,0,point,2015,2473,0,NA,,,,,,97,121,507488,4301516,,
Nevada,Toquima,Moores West,MW05.2,10,0,point,2015,2506,0,NA,,,,,,97,121,507782,4301548,,
Nevada,Toquima,Northumberland East,NE01.1,10,0,point,2015,2276,0,NA,,,,,,112,128,514315,4306160,,
Nevada,Toquima,Northumberland East,NE01.2,10,0,point,2015,2291,0,NA,,,,,,112,128,513633,4306615,,
Nevada,Toquima,Northumberland East,NE02.1,10,0,point,2015,2358,0,NA,,,,,,108,127,511935,4308340,,
Nevada,Toquima,Northumberland East,NE02.2,10,0,point,2015,2393,0,NA,,,,,,108,127,512003,4309382,,
Nevada,Toquima,Northumberland East,NE03.1,10,0,point,2015,2474,0,NA,,,,,,147,146,512846,4310449,,
Nevada,Toquima,Northumberland East,NE03.2,10,0,point,2015,2522,0,NA,,,,,,147,146,513433,4310531,,
Nevada,Toquima,Northumberland East,NE04.1,10,0,point,2015,2589,0,NA,,,,,,147,146,513289,4310889,,
Nevada,Toquima,Northumberland East,NE04.2,10,0,point,2015,2614,0,NA,,,,,,147,146,513369,4311288,,
Nevada,Toquima,Northumberland East,NE05.1,10,0,point,2015,2670,0,NA,,,,,,147,146,513374,4312341,,
Nevada,Toquima,Northumberland East,NE05.2,10,0,point,2015,2714,0,NA,,,,,,147,146,513403,4313107,,
Nevada,Toquima,Northumberland West,NW01.1,10,2,point,2015,2126,0,NA,,,,,,67,104,508212,4316584,,
Nevada,Toquima,Northumberland West,NW01.2,10,0,point,2015,2183,0,NA,,,,,,101,124,509227,4315457,,
Nevada,Toquima,Northumberland West,NW02.1,10,0,point,2015,2217,0,NA,,,,,,101,124,509726,4315261,,
Nevada,Toquima,Northumberland West,NW02.2,10,0,point,2015,2295,0,NA,,,,,,101,124,511246,4314659,,
Nevada,Toquima,Northumberland West,NW03.1,10,0,point,2015,2337,0,NA,,,,,,127,137,511731,4314385,,
Nevada,Toquima,Northumberland West,NW03.2,10,0,point,2015,2414,0,NA,,,,,,127,137,512152,4313855,,
Nevada,Toquima,Northumberland West,NW04.1,10,1,point,2015,2446,0,NA,,,,,,127,137,512270,4313577,,
Nevada,Toquima,Northumberland West,NW04.2,10,1,point,2015,2519,0,NA,,,,,,127,137,512335,4312993,,
Nevada,Toquima,Northumberland West,NW05.1,10,0,point,2015,2550,0,NA,,,,,,127,137,512242,4312720,,
Nevada,Toquima,Northumberland West,NW06.1,10,1,point,2015,2611,0,NA,,,,,,147,146,512700,4312966,,
Nevada,Toquima,Northumberland West,NW06.2,10,0,point,2015,2687,0,NA,,,,,,147,146,513081,4313099,,
Nevada,Shoshone,Riley,RI01.1,10,3,point,2015,2065,0,NA,,,,,,69,111,463233,4329300,,
Nevada,Shoshone,Riley,RI01.2,10,3,point,2015,2115,0,NA,,,,,,69,111,462743,4329787,,
Nevada,Shoshone,Riley,RI02.1,10,0,point,2015,2147,0,NA,,,,,,69,111,462578,4330360,,
Nevada,Shoshone,Riley,RI02.2,10,0,point,2015,2182,0,NA,,,,,,69,111,462370,4330938,,
Nevada,Shoshone,Riley,RI03.1,10,0,point,2015,2259,0,NA,,,,,,69,111,462568,4332105,,
Nevada,Shoshone,Riley,RI03.2,10,0,point,2015,2305,0,NA,,,,,,69,111,462716,4332560,,
Nevada,Shoshone,Riley,RI04.1,10,0,point,2015,2368,0,NA,,,,,,98,127,462527,4333413,,
Nevada,Shoshone,Riley,RI04.2,10,1,point,2015,2412,0,NA,,,,,,98,127,462424,4334066,,
Nevada,Shoshone,Riley,RI05.1,10,0,point,2015,2483,0,NA,,,,,,159,157,462019,4334785,,
Nevada,Shoshone,Riley,RI05.2,10,0,point,2015,2545,0,NA,,,,,,98,127,462451,4334910,,
Nevada,Monitor,Ryegrass,RY01,10,0,point,2015,2144,0,NA,,,,,,54,88,550541,4337427,,
Nevada,Monitor,Ryegrass,RY02,10,0,point,2015,2186,0,NA,,,,,,54,88,549231,4336911,,
Nevada,Monitor,Ryegrass,RY03,10,0,point,2015,2235,0,NA,,,,,,81,105,547857,4337274,,
Nevada,Monitor,Ryegrass,RY04,10,0,point,2015,2283,0,NA,,,,,,66,98,546829,4337745,,
Nevada,Monitor,Ryegrass,RY05,10,0,point,2015,2337,0,NA,,,,,,81,105,545857,4337650,,
Nevada,Monitor,Ryegrass,RY06,10,0,point,2015,2399,0,NA,,,,,,66,98,545188,4338026,,
Nevada,Monitor,Ryegrass,RY07,10,0,point,2015,2412,0,NA,,,,,,67,99,544472,4338787,,
Nevada,Toiyabe,San Juan,SJ01.1,10,5,point,2015,2104,0,NA,,,,,,52,101,475112,4333109,,
Nevada,Toiyabe,San Juan,SJ01.2,10,1,point,2015,2117,0,NA,,,,,,76,115,475197,4332753,,
Nevada,Toiyabe,San Juan,SJ01.3,10,2,point,2015,2160,0,NA,,,,,,76,115,475522,4331845,,
Nevada,Toiyabe,San Juan,SJ02.1,10,6,point,2015,2220,0,NA,,,,,,76,115,476215,4330473,,
Nevada,Toiyabe,San Juan,SJ02.2,10,3,point,2015,2230,0,NA,,,,,,76,115,476201,4330189,,
Nevada,Toiyabe,San Juan,SJ02.3,10,2,point,2015,2289,0,NA,,,,,,123,141,476920,4330237,,
Nevada,Toiyabe,San Juan,SJ03.1,10,0,point,2015,2338,0,NA,,,,,,123,141,477190,4330669,,
Nevada,Toiyabe,San Juan,SJ03.2,10,0,point,2015,2384,0,NA,,,,,,123,141,477327,4330880,,
Nevada,Toiyabe,San Juan,SJ04.1,10,0,point,2015,2401,0,NA,,,,,,123,141,477284,4331007,,
Nevada,Toiyabe,San Juan,SJ04.2,10,3,point,2015,2446,0,NA,,,,,,123,141,477468,4331144,,
Nevada,Toiyabe,San Juan,SJ05.1,10,0,point,2015,2504,0,NA,,,,,,123,141,477710,4331150,,
Nevada,Toiyabe,San Juan,SJ05.2,10,0,point,2015,2553,0,NA,,,,,,123,141,478015,4330640,,
Nevada,Toiyabe,Summit,SU01.1,10,0,point,2015,1989,0,NA,,,,,,63,100,479257,4313358,,
Nevada,Toiyabe,Summit,SU01.2,10,0,point,2015,2072,0,NA,,,,,,63,100,478677,4313528,,
Nevada,Toiyabe,Summit,SU02.1,10,0,point,2015,2125,0,NA,,,,,,63,100,478370,4313751,,
Nevada,Toiyabe,Summit,SU02.2,10,0,point,2015,2146,0,NA,,,,,,63,100,478226,4313749,,
Nevada,Toiyabe,Summit,SU03.1,10,0,point,2015,2280,0,NA,,,,,,63,100,477620,4314075,,
Nevada,Toiyabe,Summit,SU03.2,10,0,point,2015,2311,0,NA,,,,,,63,100,477277,4314119,,
Nevada,Toiyabe,Summit,SU04.1,10,0,point,2015,2350,0,NA,,,,,,63,100,476898,4314091,,
Nevada,Toiyabe,Summit,SU04.2,10,0,point,2015,2409,0,NA,,,,,,160,157,476402,4314164,,
Nevada,Toiyabe,Summit,SU05.1,10,2,point,2015,2468,0,NA,,,,,,159,157,476069,4314635,,
Nevada,Toiyabe,Summit,SU05.2,10,0,point,2015,2523,0,NA,,,,,,159,157,475934,4314998,,
Nevada,Toiyabe,Summit,SU06.1,10,0,point,2015,2575,0,NA,,,,,,159,157,475658,4315078,,
Nevada,Toiyabe,Summit,SU06.2,10,1,point,2015,2587,0,NA,,,,,,159,157,475781,4314913,,
Nevada,Toiyabe,Stewart,SW00.1,10,0,point,2015,2605,0,NA,,,,,,122,141,467063,4305943,,
Nevada,Toiyabe,Stewart,SW01.1,10,0,point,2015,2635,0,NA,,,,,,122,141,467308,4305727,,
Nevada,Toiyabe,Stewart,SW01.2,10,0,point,2015,2667,0,NA,,,,,,122,141,467478,4305383,,
Nevada,Toiyabe,Stewart,SW02.1,10,0,point,2015,2731,0,NA,,,,,,191,179,467712,4305124,,
Nevada,Toiyabe,Stewart,SW02.2,10,0,point,2015,2795,0,NA,,,,,,191,179,467930,4304901,,
Nevada,Toiyabe,Stewart,SW03.1,10,0,point,2015,2854,0,NA,,,,,,191,179,468386,4304751,,
Nevada,Toiyabe,Stewart,SW03.2,10,0,point,2015,2897,0,NA,,,,,,191,179,468645,4304499,,
Nevada,Toiyabe,Stewart,SW04.1,10,0,point,2015,2950,0,NA,,,,,,191,179,468921,4304312,,
Nevada,Toiyabe,Stewart,SW05.1,10,0,point,2015,3017,0,NA,,,,,,191,179,469128,4304223,,
Nevada,Toiyabe,Stewart,SW05.2,10,0,point,2015,3067,0,NA,,,,,,191,179,469271,4304135,,
Nevada,Toiyabe,Stewart,SW06.1,10,0,point,2015,3162,0,NA,,,,,,186,177,469408,4303832,,
Nevada,Toiyabe,Stewart,SW06.2,10,0,point,2015,3219,0,NA,,,,,,186,177,469437,4303521,,
Nevada,Shoshone,Underdown,UN01.1,31,0,point,2015,2027,0,NA,21,,0,,6,48,99,466955,4334270,,
Nevada,Shoshone,Underdown,UN01.2,31,0,point,2015,2062,0,NA,21,,11,,3,48,99,466507,4334325,,
Nevada,Shoshone,Underdown,UN02.1,31,2,point,2015,2114,0,NA,21,,8,,4,48,99,465834,4334717,,
Nevada,Shoshone,Underdown,UN02.2,31,13,point,2015,2147,1,2002,21,,11,,1,98,127,465345,4334870,,
Nevada,Shoshone,Underdown,UN03.1,31,24,point,2015,2207,1,2002,21,,11,,0,98,127,464392,4335151,,
Nevada,Shoshone,Underdown,UN03.2,31,17,point,2015,2246,1,2005,21,,18,,1,98,127,463859,4335420,,
Nevada,Shoshone,Underdown,UN04.1,31,12,point,2015,2296,0,NA,21,,14,,7,98,127,463046,4335553,,
Nevada,Shoshone,Underdown,UN04.2,31,1,point,2015,2365,0,NA,21,,15,,6,159,157,462172,4336062,,
Nevada,Shoshone,Underdown,UN05.1,31,0,point,2015,2424,0,NA,21,,19,,13,159,157,461858,4335606,,
Nevada,Shoshone,Underdown,UN05.2,13,0,point,2015,2506,0,NA,21,,21,,18,159,157,461771,4334944,,
Nevada,Shoshone,Underdown,UN06.1,31,0,point,2015,2569,0,NA,21,,18,,14,159,157,461400,4334852,,
Nevada,Shoshone,Underdown,UN06.2,31,0,point,2015,2591,0,NA,21,,15,,18,159,157,461304,4334523,,
Nevada,Shoshone,Underdown,UN07.1,31,1,point,2015,2634,0,NA,21,,14,,10,159,157,461094,4334514,,
Nevada,Shoshone,Underdown,UN07.2,31,0,point,2015,2657,0,NA,21,,13,,12,159,157,461002,4334601,,
Nevada,Shoshone,Underdown,UN0B1,31,10,point,2015,2083,1,2005,21,20,7,19,3,48,99,466208,4334493,,
Nevada,Shoshone,Underdown,UN0B2,31,12,point,2015,2129,1,2005,21,15,13,15,6,98,127,465679,4334701,,
Nevada,Shoshone,Underdown,UN0B3,31,28,point,2015,2135,1,2005,21,4,19,12,13,98,127,465579,4334726,,
Nevada,Shoshone,Underdown,UN0B4,31,23,point,2015,2137,1,2005,21,1,9,13,0,98,127,465472,4334801,,
Nevada,Shoshone,Underdown,UN0B5,31,23,point,2015,2231,1,2005,21,18,9,21,6,98,127,464142,4335228,,
Nevada,Shoshone,Underdown,UN0B6,31,27,point,2015,2245,1,2005,21,5,8,19,5,98,127,463923,4335318,,
Nevada,Shoshone,Underdown,UN0B7,31,21,point,2015,2259,1,2005,21,11,5,21,2,98,127,463704,4335430,,
Nevada,Toiyabe,Wall,WA01.1,10,0,point,2015,1938,0,NA,,,,,,33,76,480640,4281421,,
Nevada,Toiyabe,Wall,WA01.2,10,0,point,2015,1984,0,NA,,,,,,66,106,479744,4281663,,
Nevada,Toiyabe,Wall,WA02.1,10,1,point,2015,2037,0,NA,,,,,,66,106,478861,4281929,,
Nevada,Toiyabe,Wall,WA02.2,10,0,point,2015,2087,0,NA,,,,,,71,106,478012,4282228,,
Nevada,Toiyabe,Wall,WA03.1,31,13,point,2015,2151,1,2001,21,,3,,6,71,106,477057,4282690,,
Nevada,Toiyabe,Wall,WA03.2,31,17,point,2015,2201,1,2001,21,,7,,5,71,106,476504,4283065,,
Nevada,Toiyabe,Wall,WA04.1,31,20,point,2015,2260,0,NA,21,,8,,2,104,129,475818,4283922,,
Nevada,Toiyabe,Wall,WA04.2,31,19,point,2015,2303,1,2001,21,,6,,4,104,129,475454,4284265,,
Nevada,Toiyabe,Wall,WA05.1,31,24,point,2015,2356,1,2001,21,,9,,14,104,129,474874,4284514,,
Nevada,Toiyabe,Wall,WA05.2,31,21,point,2015,2414,1,2001,21,,10,,7,104,129,474577,4284907,,
Nevada,Toiyabe,Wall,WA06.1,31,14,point,2015,2405,1,2001,21,,6,,10,104,129,474931,4284883,,
Nevada,Toiyabe,Wall,WA0B1,31,26,point,2015,2174,1,2001,21,,6,,4,71,106,476751,4282806,,
Nevada,Toiyabe,Wall,WA0B2,31,29,point,2015,2212,1,2001,21,,1,,9,104,129,476381,4283210,,
Nevada,Toiyabe,Wall,WA0B3,31,10,point,2015,2227,1,2001,21,,1,,1,104,129,476328,4283496,,
Nevada,Toiyabe,Wall,WA0B4,31,3,point,2015,2263,1,2001,21,,6,,4,104,129,475964,4283880,,
Nevada,Toiyabe,Wall,WA0B5,31,22,point,2015,2267,1,2001,21,,11,,7,104,129,475713,4283998,,
Nevada,Toiyabe,Wall,WA0B6,31,25,point,2015,2321,1,2001,21,,2,,6,104,129,475182,4284300,,
Nevada,Toiyabe,Wall,WA0B7,31,27,point,2015,2372,1,2001,21,,9,,8,104,129,474706,4284574,,
Nevada,Monitor,White Sage,WH08,10,0,point,2015,2320,0,NA,,,,,,67,99,543778,4339804,,
Nevada,Monitor,White Sage,WH09,10,0,point,2015,2253,0,NA,,,,,,67,99,541940,4339565,,
Nevada,Monitor,White Sage,WH10,10,0,point,2015,2205,0,NA,,,,,,57,93,540988,4337578,,
Nevada,Monitor,White Sage,WH11,10,0,point,2015,2177,0,NA,,,,,,57,93,540694,4336326,,
Nevada,Monitor,Wallace,WL01,10,0,point,2015,2134,0,NA,,,,,,54,95,536931,4350156,,
Nevada,Monitor,Wallace,WL02,10,0,point,2015,2155,0,NA,,,,,,54,95,537285,4350420,,
Nevada,Monitor,Wallace,WL03,10,0,point,2015,2164,0,NA,,,,,,54,95,537523,4350763,,
Nevada,Monitor,Wallace,WL04,10,2,point,2015,2204,0,NA,,,,,,77,108,538368,4351727,,
Nevada,Monitor,Wallace,WL05,10,1,point,2015,2313,0,NA,,,,,,77,108,539890,4352610,,
Nevada,Monitor,Wallace,WL06,10,5,point,2015,2327,0,NA,,,,,,77,108,540147,4352583,,
Nevada,Monitor,Wallace,WL07,10,5,point,2015,2347,0,NA,,,,,,77,108,540416,4352465,,
Nevada,Monitor,Wallace,WL09,10,3,point,2015,2423,0,NA,,,,,,91,113,541348,4352187,,
Nevada,Monitor,Wallace,WL10,10,0,point,2015,2367,0,NA,,,,,,66,102,541107,4351457,,
Nevada,Monitor,Wallace,WL11,10,0,point,2015,2279,0,NA,,,,,,68,102,541577,4349986,,
Nevada,Monitor,Wallace,WL12,10,0,point,2015,2284,0,NA,,,,,,68,102,542209,4348896,,
Nevada,Monitor,Wallace,WL13,10,0,point,2015,2272,0,NA,,,,,,68,102,543406,4347960,,
Nevada,Toiyabe,Washington,WS01.1,10,0,point,2015,2133,0,NA,,,,,,52,101,476444,4334452,,
Nevada,Toiyabe,Washington,WS01.2,10,1,point,2015,2188,0,NA,,,,,,98,128,477267,4334221,,
Nevada,Toiyabe,Washington,WS01.3,10,0,point,2015,2212,0,NA,,,,,,98,128,477752,4334148,,
Nevada,Toiyabe,Washington,WS02.1,10,3,point,2015,2252,0,NA,,,,,,98,128,478393,4333845,,
Nevada,Toiyabe,Washington,WS02.2,10,0,point,2015,2269,0,NA,,,,,,98,128,478611,4333781,,
Nevada,Toiyabe,Washington,WS02.3,10,0,point,2015,2295,0,NA,,,,,,98,128,478989,4333756,,
Nevada,Toiyabe,Washington,WS03.1,10,2,point,2015,2332,0,NA,,,,,,98,128,479632,4333962,,
Nevada,Toiyabe,Washington,WS03.2,10,5,point,2015,2352,0,NA,,,,,,98,128,479948,4334019,,
Nevada,Toiyabe,Washington,WS03.3,10,0,point,2015,2395,0,NA,,,,,,179,165,480513,4334115,,
Nevada,Toiyabe,Washington,WS04.1,10,2,point,2015,2443,0,NA,,,,,,179,165,481133,4333911,,
Nevada,Toiyabe,Washington,WS04.2,10,0,point,2015,2485,0,NA,,,,,,179,165,481610,4333749,,
Nevada,Toiyabe,Washington,WS04.3,10,0,point,2015,2503,0,NA,,,,,,179,165,481887,4333717,,
Nevada,Toiyabe,Washington,WS05.1,10,0,point,2015,2539,0,NA,,,,,,179,165,482186,4333581,,
Nevada,Toiyabe,Washington,WS05.2,10,0,point,2015,2570,0,NA,,,,,,179,165,482533,4333633,,
Nevada,Toiyabe,Washington,WS05.3,10,0,point,2015,2585,0,NA,,,,,,179,165,482662,4333665,,